feature_1,feature_2,feature_3,feature_4,target
-2.4231532471525465,-3.031019265613878,-2.5105998732228536,1.2271902183247265,0
-2.313011366462929,-2.930837377503415,-2.2410432208779056,1.3369915144159201,0
0.1581325296750118,-0.47869096112185117,-0.8210844894448492,0.06900166615202008,0
-1.0467338893077067,-1.7074565143861196,-1.923732323489984,0.4235914954297556,0
-0.792493005076528,-1.447284460487907,-1.2809080301364868,0.654579145051515,0
1.6324283739612087,-0.662609176941938,-0.7511610594824127,0.8883053681515917,1
-1.7912808349957379,-2.4190266617489242,-1.5025868394524715,1.405333837165193,0
1.0216440811537006,-0.4256361898565026,-1.9753725907570374,-0.5563154751435726,1
-0.4994246678608373,-1.1453840923131908,-1.1427962684209039,0.4670081458280503,0
0.2982971498168102,-1.7821784757800399,-1.0711193697566068,1.6395150958585893,1
2.3837329719023828,-1.484638649374543,0.9077727707659142,3.4748816320734788,1
0.34511045071070146,-1.7948081220899395,-0.155910683145422,2.357740326536715,1
-1.0148912080712487,-1.7039050384218297,-1.7737244518079724,0.542571877181129,0
1.4384615041488993,-1.569844833453245,-2.194194464138537,0.9276046250980359,1
0.8741563034337829,0.21228068748198015,-0.1747204192031122,-0.0969680948865752,0
-0.655231877463919,-1.2793084009402702,-0.8082113413407529,0.8372802584888102,0
-1.10624654620815,-1.6344921346887646,-0.3965390690531754,1.4497793296037464,0
-0.5131467269113119,-1.9301481945367314,-1.8844743685525533,0.9350951470736061,1
-0.7126407242642251,-1.2829091866450166,-0.5712585321959494,0.9988584832469755,0
0.5532279577858144,0.006436995087780629,1.09965614815698,1.0119827363712268,0
1.745907965347124,0.29965913553749435,-0.3406146388786053,-0.024559689808758556,1
0.4088885718075582,-2.278247177650445,-0.746581217173909,2.5717471788954036,1
0.44892434070933196,-2.418697857933334,-0.35314343025594075,3.0644935216690996,1
-2.465574104352311,-3.0742094010525673,-2.1414334759256004,1.544933957767633,0
1.9572143265874007,-0.6004483665163579,-0.5582345408585454,1.0671482673270012,1
1.4542925681339438,-1.2464932529006358,-1.3808863344038222,1.118355814555511,1
-1.929270920183657,-2.536396469086096,-1.7995158678291536,1.287626895006729,0
-1.687861717968863,-2.2105797871000683,-0.20889080797498405,2.137408148492356,0
-2.39095219885553,-3.039800448488266,-2.387734175183544,1.3421406792886668,0
0.4267571810508871,-1.0438229656898947,-1.6078417743315345,0.31636100621670427,1
-0.915990486806415,-1.5570611719485077,-1.3205077740380622,0.7246907526045436,0
0.6301188401307714,-1.1457099333175411,0.36898207089587465,2.0019273433426736,1
1.9265402460799406,-0.7462408683884126,-0.8178011218134555,1.0529303136394903,1
0.8525367564972304,-1.8285794139601834,-1.7459250933807666,1.3930049828721667,1
2.286212032336592,-0.9418399996313713,-0.932443792622804,1.3517033555267113,1
-0.7574463479479197,-2.4306785532909982,-3.376170090309926,0.3872093092098705,1
-0.8188391413522809,-1.5304815434292107,-2.6689517349735894,-0.2846928730571292,0
-2.920387420691796,-3.4889201746806524,-2.3683019596256214,1.756153247056385,0
-0.1940388348027995,-1.8036301425194738,-1.5230857099939508,1.1536841222013738,1
-2.3181253598753173,-2.88266623524718,-1.2125791944502784,2.041801416782673,0
0.07627658047897401,-1.624359587952295,-1.162835190987592,1.2849035516753657,1
2.1831022397619098,-0.08509590690675073,-1.311459241992595,-0.091136205061781,1
0.8826982238365022,0.26395422512763994,0.47342173595139125,0.32347864105437707,0
0.21871629016493632,-1.8714298580697057,-1.10122381256427,1.7055134850109546,1
0.918542542432431,-0.7376107361144582,-0.8710493437536567,0.6421185623547736,1
-0.2377150598229334,-1.9813880265871495,-0.8086845453513603,1.9056576408410195,1
-0.8483646305372783,-1.460149862522032,-1.2064105743195452,0.7072552663360103,0
-0.4069881169740821,-1.0503002578627771,-1.1120194992173342,0.39845902804885625,0
-0.18746556389130942,-0.737979445845935,0.318088507967472,1.1379744244106678,0
-1.1408772982479167,-1.6799167231169458,-0.2959776827770504,1.5721956846746006,0
-1.8987636517862874,-2.568535580977586,-2.2916050235795504,0.9723177004817273,0
2.7818375694672115,0.18429182120085724,-0.2720821153400538,0.5474889082722754,1
0.7696118952149059,-2.085874334984142,0.6949102591738734,3.5273009784217706,1
1.9923445886934883,-0.6509127680089087,0.6738065780110183,2.067899916617364,1
0.0772634603458755,-0.5464262246562139,0.6506295711231012,1.2303708796611275,0
2.1210473364665265,0.3999274738571995,-0.6193704473297956,-0.23069850639239098,1
0.5404948428614864,-1.4208406296726066,-2.2526107698962408,0.36828633867545235,1
0.7951343823972266,-2.1212908984278935,-1.1987141487094826,2.165544906662265,1
-0.02269424918487517,-0.9277907286746323,-1.66375825083322,-0.03786137121703681,1
0.4209848829156606,-1.1002656782621494,-0.9308298919103404,0.8949457039515447,1
1.5021939543572465,-1.7074822256181033,-0.38316293730842654,2.486101095252307,1
0.5464468215290785,-0.0503753713628939,0.24738530514752943,0.44611876328298183,0
3.3175442828847905,0.2588272213510041,0.2610986605734018,1.0400359491835025,1
-2.293348058042575,-2.949939417724977,-1.9706662108147865,1.5713924346016146,0
-2.048199717931813,-2.704073906149911,-2.3239585976587214,1.0723468392467348,0
1.9351214385128008,-0.49689404249728425,-0.717863618327083,0.8041314049193795,1
0.6293414389892026,-1.9230374863671633,-0.5797763094005197,2.309904004455939,1
-1.6049417378268966,-2.1059270697197285,-0.35712956994973977,1.9189457882942473,0
2.0258759415658303,-1.46211693899685,0.5522434913402519,3.051602314980034,1
-0.9463483411711986,-1.505964464649775,-0.48135430542222346,1.2749738417476275,0
0.26238755443937256,-0.2713147768363044,0.8399461678364948,1.077704006182475,0
1.998773355952272,-1.1256824264475127,-0.5275827828562496,1.7930021385780412,1
-1.9559218100781028,-2.6640709187735014,-2.7273831599737166,0.7509272876490088,0
-0.019519833160500766,-0.6703627596533737,-0.7540631959443461,0.30687700941427565,0
-0.2201684420043588,-0.8165709907846367,-0.8257850349957188,0.37314700096883313,0
0.3934427078293926,-1.448304379400557,-1.2212292652413839,1.123722121284313,1
-1.9446337633532962,-2.5395609185079966,-1.4058117448012641,1.5809540859508036,0
0.89840104026238,-1.1474493748205685,-0.9144488833584302,1.1393607672506976,1
0.29610830518470066,-2.0807920369930497,-0.9463569929005796,2.1233107294659233,1
1.5784951264479932,-0.951238279840834,-0.38742168299283264,1.5194178804158434,1
0.6208661955852539,-0.04145304571719285,-0.719673927847885,-0.26280085872629355,0
3.3364960225978995,-0.44527054507165403,0.7453726452140195,2.331652593898947,1
-0.3139710510586622,-0.8844216573907295,0.08753402299601953,1.1121287991657711,0
1.8608149569191927,-1.1473402127747394,-0.7134182395886195,1.6330652634626295,1
0.41264155654554935,-1.8082892906979142,-2.318075441813529,0.7812506116934347,1
1.5513095544776805,-0.7997219457380272,-0.4341326850859316,1.276263308975142,1
0.506169178991005,-1.2448870404540369,-0.9498616949675394,1.1005569954743004,1
1.8217154400051592,-0.6159947455344588,-1.3894040072531384,0.417090313544659,1
-0.19531205713215705,-0.8277785996665254,-0.47936841728441393,0.6559695957264671,0
2.0697420046152954,-1.8838286709781173,1.1625352303368888,4.076484015313596,1
-1.6161128275812984,-2.2300533711774557,-1.6711472055658658,1.0941115882789025,0
-1.1636538039164765,-1.7373958705472359,-1.1408819353973572,1.0070115289910813,0
1.500599202120155,-1.4942320043027915,0.1176551026300332,2.580994042385934,1
1.3165805091970944,-1.387959887042516,-0.016942189802970575,2.275376452014023,1
-0.5188903614845106,-1.1048936842544939,-0.5449883127780324,0.854440266518596,0
-0.0953395621558153,-0.6822422828506003,-0.18131925307053276,0.7240506081474345,0
0.8235286792714336,-1.7642765885647127,-1.0414678303591016,1.825657220034549,1
1.3155406382823287,-1.0641266621612966,-1.6275403775060708,0.6453340353094907,1
1.9047890585035054,-0.3565738363409242,-1.519591332630283,0.009438540962854902,1
-1.9712990261138028,-2.513692393639844,-1.0146261184271628,1.8303288949684724,0
1.1261627377459031,-1.34663723369732,-0.08312076450495332,2.103770100112962,1
1.3970354024566118,-0.9830820118995715,-0.4508998351959205,1.448880729043935,1
0.01324218683881151,-0.6819444038090311,-1.1481714906738059,0.03877350567358562,0
1.5125481123575026,-1.559126528242702,0.0998527076510507,2.6569487162542744,1
-0.05132555861536747,-0.6862370645734902,-0.4676836477198224,0.5306622148468851,0
1.3694975912334453,-0.9893561041786546,-0.5434075197153352,1.378038407745766,1
0.7852225500813554,-1.0724491692831983,-1.9248617857379466,0.24449328525560032,1
-0.7963388152747736,-1.433761124824851,-1.3661588894211198,0.5716857051326989,0
0.664654708217973,-1.5159218843873705,-2.1836141124617185,0.5887877209418616,1
-3.2380102151844596,-3.781119998695903,-1.2842747243316137,2.836950013417643,0
0.04001719195639497,-0.5735315308673293,-0.9649110028699854,0.043459221203626996,0
0.13828781627143183,-1.284617748223218,-3.468924268589588,-0.8640150781272993,1
-2.0618151877999455,-2.6526850610864003,-1.7498902690470428,1.4298211461477894,0
0.7005565284304944,-1.2207417201962083,-1.9549090053897464,0.38606720856297205,1
1.5657160482126538,-0.6920178449341196,-0.2870063045995007,1.2504203467459862,1
-0.7295600637262072,-1.421470634787609,-1.7948821106557729,0.258538454525848,0
-1.408391738801674,-2.061831137663263,-1.6977574205718033,0.927930106675706,0
-0.1694584036991571,-0.805214781542722,-0.5659258705480403,0.5708514826688738,0
-1.5470345927138687,-2.1822385781814706,-1.7981073765256554,0.9610969257037937,0
3.39803088755847,0.4242469236300683,0.8210166224840518,1.271108616525411,1
2.5655118568257906,-0.027745502818646756,0.1345610206191934,1.0524313778709755,1
1.301042994454817,-0.20955178867131072,-1.280547825531043,-0.21967515836067908,1
-1.778617853173295,-2.480965743540465,-2.825053569670318,0.5012114112292421,0
-1.1641578190290303,-1.7307557913316702,-0.3923008093124073,1.5583992421254467,0
-1.3584770160096262,-3.0302571379876397,-1.6405125309414637,2.2572737301892403,1
1.5695089886720064,-0.9700691948980917,-1.0745274444771855,1.0266252206981092,1
-1.5673052410310404,-2.2889418757835354,-2.902915495363983,0.26677125169450155,0
2.902198099960212,-0.281504986166956,-0.6929734856406486,0.8856411760788637,1
1.184310105357019,-1.6402444055244132,-0.8927593477233073,1.9031940215422178,1
0.5246099599044911,-0.05351895680454581,0.3026827363324065,0.48383233947915294,0
-0.7701009505861789,-1.386477903790611,-1.5948706073898027,0.34792731481915173,0
2.0451909365052936,-1.209666562706375,-0.23008958497690135,2.1422427584572397,1
1.4165980674442,-0.8019160513288072,-1.214146364386173,0.6472810308220733,1
1.2193562332869865,-1.0464338666253374,-1.1781654649853335,0.9241661692165717,1
-0.21026705762737397,-0.6896424096490689,-2.251971775004265,-0.857015474326615,1
1.8511690293963061,-1.4812835017079127,0.9030938829668573,3.2769659320866538,1
0.11589751306122276,-0.49885848606720884,-0.5319343284725326,0.29676368731933733,0
0.04306339146018656,-2.2971072718673677,-1.5826497603711962,1.8401834638002736,1
-1.3029132147003342,-1.9429021107706461,-1.714534764505251,0.7972045826516638,0
0.8977591488759463,-1.0407071343508114,-2.1668498533724123,0.06194948249481236,1
0.4268498421762359,-1.703562319738622,-0.3814829053143456,2.0985412247175637,1
0.38852054803605673,-0.563413306701506,-1.4494640299964592,-0.20810825106117714,1
1.0467521983924066,-0.6063682083450468,-1.3242929570920003,0.17670429431004187,1
1.2992115869986733,-0.5658202183525699,-1.6332358376277702,-0.017562944857276053,1
-2.5462697465502786,-3.166499073575343,-2.4426601068702665,1.4115968244987167,0
0.7821914496327178,0.09866581961916919,-1.0474745368484308,-0.6341416977298502,0
0.7496300007464871,0.11747712954968038,0.14021949946021284,0.21851168006216748,0
-0.878093361020954,-1.4433767530279373,-0.40274781532733506,1.2761659867468287,0
-0.33069464953901284,-0.9518590893187685,-0.5965476811926957,0.6825158743700941,0
2.5363309775480527,1.247456580261014,-1.257547115854496,-1.6704695988299587,1
1.4028263858832228,-1.49494469940455,-0.12748683565148555,2.363568951873485,1
0.9085447169175218,-2.1143771117199925,-0.274507681846875,2.888663246069239,1
-0.34860484251364343,-0.9629697771223558,-0.5624172424093912,0.7162256361535311,0
0.7475166234849663,-1.0697006782689804,-1.3745541832749741,0.6393101745621412,1
1.0486375298334838,-1.5475621752401476,-1.6985819130105426,1.1302594084499082,1
-2.0313088436297635,-2.525839952566146,-0.4539116840444505,2.244491260800333,0
-2.636316460494212,-3.1702667357702277,-1.1376241853676683,2.3611422644993376,0
2.13841969135121,0.5171519605538163,-0.21223934405278388,-0.0733581058817463,1
-0.9557356182043556,-1.454963032177796,0.623590529060994,2.03179233515996,0
0.04506204016627424,-0.658876798080364,-1.3360997061830118,-0.12074556972219352,0
-0.022395180562220673,-0.6260829645755922,-0.4602762849319517,0.46772341473452195,0
-1.9374597232681836,-2.5601375686276526,-1.9079735535659912,1.234633415414609,0
-0.13897619699733665,-0.8182604342408757,-1.7353239564618548,-0.2764037058053217,0
2.0017627352032177,-0.7621990313972772,0.9543317548521217,2.4270069041905753,1
-0.48030676435889075,-0.9701408917116172,-1.0978962640684085,0.2778562955053643,1
2.1649815160151604,-0.3800324437399207,-0.29828748447674824,1.047077001447771,1
1.3458812463451588,-0.27294173956121975,-0.7999285433002485,0.23908095608176938,1
1.880095260514236,-0.1458885219801213,-1.098648514590766,0.039668296319897656,1
0.8499550770688461,-0.7474413125929396,-0.12131435986135863,1.1916551813536702,1
1.4136109897561677,-0.3374883103022044,-1.3569699035645804,-0.06910446721295171,1
-1.9854029066668448,-2.6678256282456436,-2.780577057394366,0.7055150013276301,0
0.999654704284783,-0.6089677931679537,-2.2726377818487933,-0.5464715671321199,1
1.3376722415802638,-0.8209791745178388,-1.3303422584107216,0.5571286671366271,1
0.8165952506825181,-0.3504361964848542,-1.967144323808035,-0.72183441297725,1
1.4225683052114575,-1.2460862066626104,-1.1339894161123028,1.2912903527491453,1
0.7240982351623749,-1.4892438055802022,-0.2504036104963431,2.021935214659237,1
1.7465736311205295,-1.089451204081074,-0.8707326128980468,1.3987263238226082,1
0.09389375571845615,-0.16502532477536494,-1.90262482661644,-1.1743030988527918,1
-0.6383024716371015,-1.7957190377090486,-1.2120850081293357,1.2175718931317774,1
-1.445638851253038,-1.9835182853846427,-0.855757160422261,1.442231154644241,0
0.8033233381433141,-0.3549545459830978,-2.473040219270956,-1.099282148440476,1
-0.5943339234347804,-1.1722424246152061,-0.29258230162728105,1.1046627082513019,0
0.603578906682328,-0.5142180269124181,-1.837384593705913,-0.486158444823499,1
2.0455223743339763,-0.026663458839148318,-0.2504923828219746,0.5772934611518385,1
-1.017069893699763,-1.7073799401277348,-1.6919588056777577,0.6075433303718284,0
-0.18552684486093574,-0.8502893128869523,-1.148379282085163,0.18823817669287413,0
1.2261520432099646,-1.5913562072562562,0.3194142209041624,2.76131354762965,1
-0.465789024958961,-1.0536336379579085,-0.45444359280354374,0.874000472422419,0
-0.8132349339815625,-1.442099495231791,-1.2858057358799906,0.6367202303372419,0
-2.13382202590154,-2.7083947423412695,-1.575138504619015,1.6079026456996255,0
-1.7280851257815315,-2.3372506800096873,-2.0641968131150126,0.9004209823129302,0
-1.5862973317404305,-2.1646055040547605,-1.4609529642789532,1.176326842851771,0
0.39135156303909824,-0.9339316109902039,-1.8882219350330156,-0.05008235142545692,1
0.9291441551073875,-1.1627567320146184,-1.2000985522056886,0.9565923373083164,1
-0.2426417164632666,-1.9079481732471801,-2.2499792838141066,0.7289702283063227,1
0.7519939537696059,-0.5517553796768723,-3.2364338399189965,-1.4311294533392123,1
1.4664250019876488,0.8130944218445463,-0.3386668309220522,-0.795448873150499,0
-1.2885787225715444,-1.882877200954501,-0.83557532885623,1.3815297352356768,0
0.8241495852133327,-2.396523116877274,-0.9101592948134166,2.752431791596161,1
1.5633845101106305,-1.1124651606591145,-0.026415369240110675,1.995433027352076,1
0.5697279779269968,-1.4240501680519908,-1.5395147462515713,0.916629379091271,1
0.37720009332545446,-0.3558859411286046,-1.353272207180433,-0.412025732341494,0
-3.9012766020595313,-4.505283321552965,-3.3290833387776955,2.0185776941446614,0
0.6697322346064667,-1.383496380579637,-0.7774217552474304,1.4695623881616013,1
1.0519871246508363,-0.10371526128074905,-1.4608475963602223,-0.5821327812666666,1
-2.201735194119907,-2.899359434891743,-3.2165131393634794,0.6053784314754589,0
-0.041312807269999086,-1.407397648641072,-1.8898593561214072,0.41458364223866095,1
0.7333880449051619,-1.743487810303786,-0.7293855977876663,1.9998348338286487,1
1.3582828169352776,-0.8216580785860487,-1.1711991541588762,0.6844806191713697,1
-2.365011759074214,-2.9216625644658722,-1.2972968681044477,2.01275375239881,0
-1.6281180054683222,-2.2545508328776664,-1.9175302818010618,0.9375187293013436,0
-0.5415554238683065,-1.1966411007280198,-1.1686661157143563,0.4997633739764419,0
-0.8608122323156305,-1.406854916141118,0.4659135567690267,1.8846253195502949,0
-1.7697389364275056,-2.382091824938535,-1.633746657163906,1.2664683950579971,0
-1.5823882969197018,-2.2114755802130883,-1.8629382547212476,0.9382629071081247,0
-0.787520539608856,-1.393311399685168,-0.7368376664605487,0.9928485421106872,0
0.6271396375684093,-0.9620034491127986,-2.030468017743338,-0.035640075638593505,1
-1.3570011764813081,-1.904182594326687,-0.32152197808968763,1.7697648131444523,0
-0.4898331640873862,-1.0306299592508263,0.768261866273223,1.750404464651453,0
-0.2160957953540622,-0.8486772678301278,-0.5370590640814605,0.6327544859544618,0
-0.4501411123906306,-1.103940509055724,-0.8755836073934093,0.6302912253095793,0
0.41365678690278584,-1.9455835373183528,-1.3558218044480694,1.6816626367510397,1
1.0927730557970983,-0.9025298767467718,-0.5704657472298806,1.145304897097771,1
2.3273724817260453,-0.06000783464551558,-1.2776909117804118,-0.047253911292886475,1
-0.3984087124496777,-0.9885872192138604,-0.3997391825690948,0.8537702789954397,0
0.14759758949442447,-1.5914590120736158,-2.4845480139315255,0.2780294958817503,1
1.803532183782873,-0.7515253546916895,-0.3947579382982135,1.3325855933405686,1
-1.400002918175001,-1.9742877075557306,-0.7247423400307582,1.5444779139580187,0
-0.8922321405662129,-1.563518839804726,-2.200109972911445,0.08330007671510498,0
-2.4847346436465676,-3.048909780546537,-1.8778811753065572,1.7022061373471562,0
1.3776215934259555,-1.6378580402633092,0.686825890071191,3.15126243705848,1
1.0592621806707088,0.17013906814489355,-0.9960691355511687,-0.5904430986233427,1
1.2123193465940068,0.6898819757652522,2.0180227033404865,1.0391368189002046,0
-0.17655339931147762,-1.690596439227195,-1.968235618755999,0.6786757023962083,1
1.1547271205262308,-2.0869905375318214,-0.6448405714920147,2.663451939038236,1
-0.157310507142164,-0.7541475723915557,-0.33808418539291163,0.6788103957622414,0
2.550213626083984,0.24306215054199848,-1.1238118037656009,-0.24961330397465176,1
-2.2582957795468834,-2.863003562291157,-2.124669014334225,1.3547469239397187,0
1.796976051652579,-0.21280891850394162,-0.8466117503015533,0.2863145612753467,1
-3.5678643865364443,-4.193584412459423,-3.610430509816211,1.5186258313091445,0
0.8093963698040674,-2.1605832142718864,-0.31535408249659,2.8832486646016258,1
1.592259171772655,-1.635672732241205,-0.584679162601839,2.2733396632740175,1
1.9157995877991216,-0.866885660500003,-1.1379316978592717,0.9675513629671685,1
1.1083662171960595,0.5916610150941566,1.9053698708534967,1.0464074931788194,0
-0.7978207151863426,-1.5585439475770948,-1.3626130228369688,0.7372829956685054,1
0.02075923376831801,-0.5764552988959772,0.257766199762987,0.9555161127981229,0
0.2995661539719403,-1.4460745188250557,-2.4774059110892037,0.14713572609336012,1
1.1314945600361042,-1.5345335526599713,-0.032606515022139404,2.3896334895570246,1
0.29129183839234707,-0.33360810376055694,0.06195051861164225,0.5873432778922245,0
1.6537829253831937,-1.0791325673518453,-0.8685989923212714,1.3536975850150288,1
0.934952152223529,-1.17534141649604,-0.7261916931910268,1.329841038629334,1
-1.529986334631363,-2.2808232696820325,-3.3640399822838973,-0.0756721905190747,0
1.640812630886611,-0.6645854061247826,-1.1692071289156596,0.5810043540866596,1
-0.7457297642465477,-1.3952982608557825,-1.6741723074596309,0.30882568630887797,0
-0.8456378796081775,-1.4333850585019363,-1.1143241926339702,0.7420857725595195,0
1.0258966653195016,-0.6616135027158893,-0.08391158040362201,1.16998564277421,1
-1.0436127398379471,-1.648219507251074,-0.9945814131788778,1.0425131267070882,0
-0.7561742527949987,-1.4814821384597656,-2.1565217044089344,0.05699607198052281,0
0.6994755896165037,-0.6498857466354697,-0.509667122837762,0.7195033192508473,1
-0.6064255726803801,-1.184445349814307,-0.6883494943337894,0.8201277779624893,0
-0.47731047061097276,-1.0594656655537438,-0.2576173574555244,1.0248420899142243,0
-0.5447411250230438,-1.108904521566613,-0.2965761883965994,1.0363921661498516,0
-1.3667073164581875,-1.9414333235680452,-1.2175214527617737,1.1445022495827137,0
1.0685024340033238,-0.206912611605449,-0.617641318624411,0.1900413601353509,1
2.371901937504517,-1.1522315769820333,1.1504915072100128,3.216849161777313,1
-0.26802143880618645,-0.9169254124075829,-0.8132956527039563,0.49689027175035205,0
2.926613409112445,0.10592135430167825,0.07138731437742218,0.9588798245492569,1
0.8454193617275161,0.1943899387472722,0.01179505960964633,0.05581165605960181,0
1.5035625278631328,0.6593900188446823,-0.7155542348137034,-0.8629140198002831,1
0.7118251060580065,0.14631410745041923,1.1883856034413411,0.951732061669712,0
1.3852259164138196,-1.0101746117635426,-0.9987389112890154,1.070136399999009,1
-1.8027804428601346,-2.409737390331447,-1.6184017979468064,1.3023810515978178,0
-2.259624271175432,-2.9554489210808046,-2.805013827745842,0.9661855136857471,0
-0.33054274806183126,-0.8251078015828086,0.6552021083741792,1.453375954627764,0
0.7087653887266401,-0.01205014893861313,-0.8685364493355251,-0.3813721955036813,0
0.7563275601043555,-0.7892241202365458,-1.6228059847078171,0.08921359043656263,1
0.9507546382657883,0.3996228705516378,1.3643313964263055,0.8368183968160077,0
-0.3922918252486811,-0.906430202314601,0.8064742402835907,1.6510984035923904,0
0.46579922907479043,-1.5181491947154977,-1.6287613702721762,0.9360268893080866,1
-0.47770189841616484,-1.0698226662837393,-0.5660824854727551,0.8074036946358913,0
2.219321789262203,-0.08392410924781724,-0.4970296715050804,0.5298016542755127,1
0.9635034588961823,-2.2828566904736363,0.24554129343614362,3.5182140485910596,1
-1.2294811756506179,-1.834576813973867,-1.1758442458952634,1.0846694898311433,0
0.03314541197008558,-0.5424125872926467,0.270250075478621,0.9246811236862884,0
-1.3674245760907948,-1.9780187729054783,-1.1782286239064097,1.2215834649979156,0
-0.007083410458087247,-1.7238887061109038,-0.5339519965442676,1.8562291845540737,1
1.333659265611027,0.7203982310549311,-2.6499978634110724,-2.4512701143287363,1
1.0671538753033365,-1.429218794672528,-0.720443296473898,1.7139057748834607,1
-0.19132103113857357,-0.7708045521692096,-0.11897491606771227,0.8524866577010948,0
-1.6906426922809437,-2.320546221081569,-1.9506798041170557,0.9768570998185147,0
2.8915413597322686,-0.18244604855331678,-0.6254857269188714,0.8025767424752221,1
0.15430493460384642,-0.37188028532246664,-1.3814198856264066,-0.49166790011955985,1
0.28868850785999767,-0.35337104589870044,0.21674809397479655,0.7281612778622064,0
-0.8526583472387037,-1.482548951213748,-0.9564898916848065,0.9221173589860427,0
0.36139536228226965,-1.0831040278380974,-1.7865891767934063,0.21071893866839075,1
0.6669726220364767,-1.734943537778944,-1.9335033811819098,1.0637371525347632,1
0.8011546866399906,-1.5713403003847646,-1.2459035604077737,1.4119099147598073,1
0.6852759352033315,-1.0825134817453996,-0.7485357233137777,1.1024240739230322,1
1.2254574235577154,-0.7932155294979258,-1.2135386754061208,0.5681388590212562,1
-1.353237488973468,-1.939799305125611,-1.241221942029522,1.1294292806946833,0
-1.2621829547949421,-1.8378372641222946,-1.2460657207097827,1.0247164778045683,0
-0.8479463262676393,-1.4849953250683963,-1.753966097427131,0.3301421555424997,0
-1.326570209888615,-1.8707186631119033,-0.34769612780281334,1.717193297293245,0
-1.9916933803630588,-2.62663062933947,-2.307675348384958,1.0032404237682764,0
2.3274646382179265,0.5129013925062388,-0.616792832521194,-0.3031216564097843,1
-2.5144748523162206,-3.0313633489438905,-0.8760778633383443,2.4183955467631186,0
0.0976006696667382,-0.5973877239226384,-1.50557377200237,-0.30939459637797984,0
-1.2003041884438521,-1.790007972527876,-0.9181880791659084,1.2295318637966028,0
1.6008107910230236,0.010713979926794289,-1.3838509163311186,-0.4785941033264427,1
1.2194061663526032,-1.2527391346444554,-0.6802717933936429,1.5670973585231895,1
-1.2971133237869803,-1.928755852427042,-1.9235845276133454,0.6242808816530856,0
0.42008335364940896,-1.564537587717863,-0.5525380655523255,1.7859729668629214,1
1.3252626854052378,-1.1411229504168316,-0.8224007660650109,1.3522690216943338,1
1.9035669431444866,-1.0051988454656497,0.6500375023789944,2.4825681514202556,1
2.9409553735836322,0.4069235523326523,-1.5695379506209775,-0.658462429299808,1
0.4057166076004881,-1.032786678972124,-0.5079745427424269,1.1175778203374263,1
-1.145434589933409,-1.7322718327265902,-0.4357349841498732,1.534557993855703,0
0.4966694984703349,-0.8672115963651644,-2.508169733175274,-0.5639041375362535,1
-0.5778729077249677,-1.2053421255788506,-0.8040937108009856,0.7710638957691754,0
-0.018529466554510376,-0.5960581020939523,0.2754435916493452,0.9804090822022057,0
0.7088444634392951,-2.0370364533908067,-0.4402605391453759,2.5920342427129452,1
2.634156729061793,0.07354022626750999,0.20421721932408188,0.9963674274439088,1
0.0488992144824234,-0.6367918802899342,-1.03946135290399,0.07370646168588524,0
-1.6912279491734092,-2.3052931526350147,-1.6052611386009983,1.2151903281517946,0
-0.29592693874557585,-0.9020453953353729,-0.5224571087969057,0.6851145491903188,0
-0.08803418621334413,-0.6977394795520409,-0.47479268251157614,0.5273127121171945,0
-2.423402137013721,-2.960992377114797,-1.2190527310182313,2.102005135648181,0
-0.908590997721492,-1.485344903627853,-0.004624548602034428,1.6182354723383023,0
-2.446472683330409,-3.04734165970304,-1.8541632764847407,1.7315550261131423,0
1.3861444202879714,0.7426461409889997,0.02557107671908132,-0.45919249513810634,0
1.3640019166924615,-0.6447294186597888,-1.4813857475667533,0.22257981497942503,1
-0.3539725896415331,-2.236462421025731,-1.8690950799622899,1.4046868196294906,1
-1.8232823101818296,-2.3686258402864584,-0.8261069930215726,1.8341910448705907,0
1.3961510545278213,-0.8225441067907617,-2.8150200312648357,-0.5311449430165212,1
2.595389839057299,-0.4223000760864769,0.18797395732408573,1.6199556706175569,1
-0.48491897727871125,-1.9304575351764057,-2.9086972118117336,0.17900495797908256,1
1.2706243508540571,-1.1748332418444203,-1.018491407843214,1.2301747421122395,1
-1.0183567745415343,-1.6145587823545158,-0.4229204216651371,1.43527977631653,0
-0.4755165473326467,-1.1422416676179379,-1.8588896770512846,-0.06452956758953299,0
0.5502251441558728,-0.12152537215701427,-0.28921265954791864,0.13906697668066514,0
2.281706799628293,-0.5408738836617062,0.5347204678604807,1.9228900153819324,1
0.09066662541360238,-0.5665879303424041,-0.8099594064346255,0.1684060440919558,0
0.7372536124547346,0.11934659192468669,0.043079537416023106,0.13894347960499753,0
-0.9883501697641454,-1.671950970375763,-1.7438602015479199,0.5325316955629509,0
0.24066282004702932,-0.5016092617344172,-1.5484917351366172,-0.41594645985757905,0
-0.5627367104109819,-1.198248967434256,-0.8474518688559586,0.7347211792582369,0
-0.5395374868808256,-1.2046023967428172,-1.4998436599243083,0.2630473063841545,0
0.993757663089502,-1.7106111917275695,0.4790350870627136,2.9540921001820033,1
2.306180467620309,-0.14151803804295093,-0.8914181054496199,0.34106868490059006,1
1.6569304650664094,-0.5919177167693181,-2.468128556623263,-0.48060525741504856,1
1.2856830732524642,-1.2359988583975892,-0.5955492423299054,1.6322238117192145,1
-1.0023071139920738,-1.6185285110643595,-1.2593845075228716,0.8201655077505801,0
0.12263664884710856,-1.462524136558195,-0.3149060048278881,1.7240539408372189,1
1.7659033181984767,-0.548422095305958,-0.8518817687957312,0.7109547610545187,1
0.20122515363695137,-0.7740294203525264,-1.2016814168068368,0.18643313432280595,1
1.16363109350145,-1.3429518625363925,-0.6381704701137028,1.696890572993202,1
-0.6759488987991537,-1.2726728793642,-0.2067495886462991,1.2713522579096828,0
-1.178512129371414,-1.770367817752829,-0.53094571302018,1.5014044223143095,0
-2.6788819151557526,-3.2860587856177492,-2.7174314396949155,1.3152612679781437,0
1.7047256160665683,-1.4895500949396556,-0.35579082560906006,2.2933478196444934,1
-0.13719077383407718,-1.1942385788332708,-1.6997020200505983,0.24344561072408155,1
1.9047109881166588,-0.6448766331136513,-0.29936988946066156,1.3003626079223136,1
1.6462339350933102,-1.2158008981711346,-0.8846572008240902,1.518028362709674,1
0.7475987867549714,0.14217775917841044,-0.06409987821480378,0.032507455054151646,0
-0.4929247513974008,-1.0488249674304846,0.4918742389532147,1.5662788771241738,0
-1.2152237859530104,-1.9194707967655298,-2.175465853722729,0.45281758546836726,0
-1.365701085650274,-1.9285255174410578,-1.3303833980232447,1.0434812107247537,0
-1.0241099563313285,-1.56077716537196,0.03319636935113501,1.7041452944004392,0
0.5105261076394929,-0.10812332562445852,0.07852299287629338,0.38257225145398266,0
-0.8859170844189368,-1.4279895561373772,0.25642054819944704,1.746562950984174,0
1.6405913467026456,-1.3385683788328573,-1.1680258674791013,1.4647632373661452,1
-1.0793950023989387,-1.7753881414484474,-2.1710185207628943,0.31585376347807914,0
-0.007033534695228494,-0.5997467165731609,0.5375220930066742,1.1854925589698917,0
-1.2120247196202758,-1.8226955007588161,-1.2661541883805896,1.007741410905167,0
1.9966603098429323,-0.4560405059934489,-0.8530260276500945,0.6714074561217248,1
-0.16275424420618967,-0.7886689145213208,-0.6592885518647662,0.4816913922554661,0
-1.3537427219850307,-1.8661801890716838,0.22061700344026147,2.1268995457956716,0
-0.1309265147680222,-0.7638360860212121,-0.8130644273578101,0.3454234927324843,0
-2.107631898077635,-2.680380339099561,-1.4953415784557946,1.6402699326944727,0
1.1151098582487395,-0.9663928137106523,-0.22788766736771027,1.4933368955432864,1
-0.20214325794642518,-0.8368293722065256,-0.759475869156937,0.4557462219062447,0
0.09074736586378873,-1.2536818313229774,-3.4722058003456957,-0.9239612035274072,1
1.868376248818167,0.05936660334386643,-0.15873677761031613,0.4700572350215605,1
1.5716054674034363,-1.2033928806293295,-0.6274838646434657,1.6676240577065315,1
-0.8299574210175493,-1.4041654481884158,-0.20884438824681972,1.3870966008832328,0
1.2549831944084076,0.11151232277682993,-0.6252706532696377,-0.16628621723097248,1
1.2996898128674668,-1.004367680168726,-0.572362166107004,1.35112625980973,1
-3.5595307969876333,-4.200810160221004,-3.79844389356362,1.390349044305083,0
-0.8233182961264889,-1.446103166493245,-0.9726091360877996,0.8727756888630819,0
-0.35663610443930494,-1.9882050425236064,-1.8573175380418947,1.0873207951600303,1
2.143822125869535,-0.2373663205160964,-0.4740149598138359,0.7211060125479658,1
-2.623600602901463,-3.2100275441893023,-1.706140632897032,1.9922688643829418,0
2.1869760767379858,-1.4975241777643542,-1.3344288530999568,1.7434112188975912,1
-1.420331827317084,-2.0418850309042504,-1.6864330713679268,0.9060149963214883,0
-2.958937875981083,-3.5378987213688133,-1.822828167150722,2.2148161886615165,0
0.994109190359441,0.36271155705173813,0.6937739535250642,0.39877253236058785,0
0.9516284310076234,-0.664152471688035,-0.5455666864117554,0.8012928492114072,1
-0.5634548186541777,-1.1539829475792056,-0.7941140887559308,0.7163941158612612,0
1.477368005356405,-0.885993810430248,-1.7988414534982966,0.341502159564386,1
1.0086522826998026,-0.9644812033374621,-1.5706925405783951,0.44784268679940276,1
1.8277533075692198,-0.01566575946659389,0.09401131409616781,0.7430256307779062,1
0.07535917759028288,-0.5674335356308667,-0.4628848488016334,0.42381586132726046,0
-0.05385206365114614,-1.3324998715396614,-0.8200631472783719,1.1126654626675352,1
-0.23691965193714426,-0.8802580952925808,-0.7259465827758129,0.5253265649505836,0
0.9090764690034999,-0.6618240260229101,-0.9330856205283062,0.493026137381386,1
0.5343945306722531,-2.108846343919456,-1.7427898206949033,1.64900329462356,1
-1.6586498995311088,-2.2125334273932133,-0.6690767846942103,1.805969701200317,0
-0.775825801388502,-1.4049539073193391,-1.267451139907412,0.615142347842093,0
-0.9446483698258182,-1.5553162696669245,-1.3130578586997603,0.7177555240222264,0
0.6177765747279592,-2.2899833208128415,-1.6015663831864795,2.021750030158973,1
0.5035105372868585,-0.13872835362812108,-0.5956795812496536,-0.0844353606245083,0
-1.5669791550586605,-2.1542120328037346,-1.064357003436925,1.4664309556112873,0
-0.7885044608197991,-0.786709653555007,-2.2218994946714035,-0.9136596405769271,1
1.5774900363103437,-0.337805471039652,-1.1867086810183722,0.11721288613541836,1
2.595836314937463,-0.4854318297938555,-1.0111889315527518,0.8053221229956313,1
-0.2756634152913988,-0.9011796969325778,-0.5085872631799142,0.7015911647764983,0
2.0884713702317734,-0.576695365019712,-1.0983649778955187,0.6786089501771637,1
1.8475748401592784,-0.9544454463309234,-1.3527313329961446,0.8971526609500339,1
0.4362791971278779,-0.8813892190630495,-1.5438007608483737,0.15489227466082522,1
0.5964426661849092,-0.07864806849110562,-0.28009732366898255,0.1062080554565803,0
1.2931517482907062,-1.9500761216910394,0.3610003950009395,3.2862859281568455,1
0.029464434434868014,-1.9827915196828716,-1.9222778307487136,1.1693704393980875,1
2.0944927241067344,-0.024288830073463184,-2.5373791056466253,-1.1199372915103272,1
-0.8588643190520987,-1.5482864010471622,-1.7900383433899907,0.38216348584638304,0
2.2081973622943467,-1.1733552019987834,0.9118551823300902,3.0075081250612588,1
1.2149471956568492,-0.9483311289841397,-0.7461025933782941,1.117445376431538,1
-2.046122862973517,-2.5697605738614264,-1.042150233784854,1.856484031673408,0
-0.38750201018820685,-0.9970349813655174,-0.19764083516444642,1.019986843118755,0
1.390822964516127,0.28236097572914,-1.7452324838324824,-1.1798613177483919,1
-0.4221289922453286,-1.7581266047892345,-0.9946415616548812,1.4081972258974522,1
1.779809478184121,-0.8057618700633117,0.45201396721585474,2.028930179303787,1
-0.7394342027545313,-1.3695356889442207,-1.1293542468750446,0.685084016723579,0
0.4258635152653245,-0.22441539003985372,-0.6158046113209138,-0.014947493724245753,0
-0.39499223174973996,-0.9921418229872638,-0.4890395600047531,0.7928102206106397,0
0.2616889147122716,-0.37671684043828546,-0.0498836274070823,0.5495548258057918,0
-1.1662393520270877,-1.7391159651508064,-0.7445126942457225,1.3050001424284223,0
0.9350963276153403,-1.4117326409086006,-1.8779991021171905,0.777521433175073,1
-2.2280233878907407,-2.862188657531965,-2.255851114083453,1.2662988811487388,0
-1.4379880266215475,-1.997673794495403,-0.8780181690843438,1.4468444569937073,0
1.6555027959640856,-0.9992086762330028,-1.3413898696930429,0.8957521023826663,1
-2.4315390700288275,-3.087505597944471,-2.915499251380641,0.9951562829101677,0
-1.6343107834781039,-2.244499299622747,-1.4464271020530357,1.274732527675599,0
2.881328552373171,-0.8455835539417031,0.9121849884641375,2.8185292879549935,1
1.346910999795754,-1.6126105151220826,-0.5055758806978894,2.2147907648649667,1
0.8371559650577318,-1.3900770033690675,-1.3792678491579613,1.0874756581768161,1
-0.9814328806868128,-1.6339264927853827,-0.9578711884212339,1.0734495606722612,0
1.0116950561540092,-1.1445758777990847,-1.063667079499886,1.0643390164761046,1
2.400019130131297,-0.4304503049502599,1.1667923954267185,2.293509491248082,1
-1.4188550380209395,-1.9876697559885914,-1.1390598394204514,1.2451918167005092,0
-0.22627668275057922,-0.8325076347401733,-0.345514263804772,0.7512982359692368,0
-1.684497675805937,-2.258807535573312,-1.1108143924244314,1.5267556708224412,0
2.446530798150774,-0.2978466529538012,-0.009051264833367823,1.2563411132990772,1
-1.2807814248756824,-1.9488645680574617,-1.9419653274882664,0.6426946986737628,0
1.0701899960334915,-0.8172486656239973,-1.231868812732084,0.5305052818063136,1
0.6309997460552571,-1.585961796637258,-1.8143808309947498,0.9448838273481719,1
1.4179521328758624,-0.5006006777161783,0.09739692247390486,1.2346334677010447,1
-2.3985824830475573,-2.9694453871298965,-1.3724173956006154,2.0071507542378892,0
0.4583555223991189,-0.21160189504032598,-0.48716921547957104,0.07613485818743371,0
1.0148122872427834,-1.0010835502261501,-2.2632849678690015,-0.020370742523177388,1
-1.2091508472760668,-1.8005729466212603,-0.9799739037432972,1.1939732174650617,0
2.0926850974443987,-0.619671490835725,-1.0724511769802814,0.7558082958755485,1
3.133749995627625,0.013382987388888512,-0.2664620081031972,0.9011570141405137,1
-0.27158942623594107,-0.9452708320044789,-1.1494592344917562,0.2811537034768552,0
-1.684240536409109,-2.3044091595265157,-1.2850808485056144,1.4561603825768519,0
0.15496627172259836,-0.49957453516751027,-1.255798172681862,-0.23012560225626055,0
0.024869108059796696,-0.6740626853620025,-1.3823027914343677,-0.14263620358065499,0
0.9375639199199293,-1.319217037652238,-2.6682022972987487,0.06578354693440658,1
-1.152542688080158,-1.7001834591926308,-0.7336201249215757,1.26703584772607,0
-1.0351391062646165,-1.6150869825400753,-0.599059725283746,1.2981545119962645,0
2.0267248768775765,0.09345595700971325,-0.00725833032642309,0.595269226506725,1
1.066863279735754,-0.9474838636114933,-0.5572489052431273,1.2048444189679515,1
1.5619907615159068,-0.6002918009655507,-0.14064913778123656,1.2384643790025565,1
0.3202785803381689,-0.8573026829624175,-3.274902631724489,-1.2136733697749502,1
-0.9787682166827792,-1.59294233853813,-1.396856143288649,0.6921559472574585,0
-2.50717443780906,-3.0294996408039254,-1.4966718243528174,1.9540827987861364,0
-2.7693992145083217,-3.396894489576984,-2.410695824214746,1.6577379882473862,0
0.46485132193512935,-0.18491293477506246,-0.5437476085567956,0.0011431819520582032,0
0.7788570549683063,0.1777516021968299,0.33430328173044677,0.295236726164935,0
-1.4373673995894687,-1.7187911147479773,-3.8572477705028945,-1.1480533489938374,1
0.520129311045407,-1.0929476942511782,-1.4208586437312176,0.5539773757372775,1
0.1884851833662825,-1.346403357627423,-0.058644843700018545,1.7872197563777488,1
-1.8213840776074308,-2.412018948264393,-1.3632472765117998,1.489699537712486,0
0.03470438832833156,-0.6001518266690884,-0.5482229811949666,0.38830269024550823,0
0.12570847482853775,-0.5242341411353167,-0.7587286148365364,0.1637662817197414,0
0.9443408881220148,0.36963192599499956,0.5537374556745436,0.2671405784712114,0
0.478726018321853,-2.2819276551432064,0.38348466415603766,3.447270762119759,1
0.32861916360553556,-0.3210000531115363,-0.21525411037613074,0.37667399921582023,0
-1.0856239823523504,-1.7612113080656457,-1.8262208175601775,0.5531184894237068,0
-2.8074152067043343,-3.295408267445625,-1.1355136191822215,2.465616084577614,0
0.13335457254868888,-0.443007712665788,0.15741333138766933,0.7457586929745288,0
0.6277591089751056,-2.075244230640609,-1.4715379887651128,1.8413102635931882,1
-1.6209464283126676,-2.247376794338707,-1.9660641454800438,0.8943545908857451,0
0.8906668809350702,-1.3709768431959595,-2.20493429925922,0.4635861083100594,1
0.3576328400204437,-0.9744265538506425,-1.3944133243698487,0.3605223994552835,1
-0.058551029296424084,-0.6376810614001299,-0.1486038431660831,0.7032845954810198,0
0.32486447318051714,-1.1768855513754457,-2.6659162835502292,-0.33757808171936143,1
-0.33795838299113534,-1.026925040700516,-1.8581057295278582,-0.16593312838210572,0
-0.17268269142009096,-0.7349603196600578,-0.1317582848716985,0.8026113857998753,0
-0.9339449046746487,-1.5042501256083547,-0.9582673508490139,0.9202137567854223,0
0.25766810672809926,-0.3622159212691167,-0.45122723437688883,0.2287425023811981,0
